{
  "validation_results": {
    "cache_results": {
      "small_cache": {
        "cache_name": "small_cache",
        "hit_rate": 0.6571428571428571,
        "hit_count": 46,
        "miss_count": 24,
        "total_operations": 100,
        "avg_operation_time_ms": 0.0032764199931989424,
        "max_operation_time_ms": 0.009372999556944706,
        "cache_stats": {
          "current_items": 130,
          "max_items": 1000,
          "current_memory_mb": 0.17646121978759766,
          "max_memory_mb": 64.0,
          "memory_utilization": 0.0027572065591812134,
          "item_utilization": 0.13,
          "hit_rate": 0.6571428571428571,
          "miss_rate": 0.34285714285714286,
          "total_requests": 70,
          "cache_hits": 46,
          "cache_misses": 24,
          "total_puts": 130,
          "evictions": 0,
          "expired_entries": 0,
          "manual_removals": 0,
          "last_get_time_ms": 0.0010809999366756529,
          "last_put_time_ms": 0.003797998942900449,
          "uptime_seconds": 0.0016355514526367188,
          "default_ttl_seconds": 300,
          "cleanup_interval_seconds": 300,
          "memory_pressure": false,
          "emergency_mode": false
        },
        "performance_passed": false
      },
      "medium_cache": {
        "cache_name": "medium_cache",
        "hit_rate": 0.6571428571428571,
        "hit_count": 46,
        "miss_count": 24,
        "total_operations": 100,
        "avg_operation_time_ms": 0.0032354598988604266,
        "max_operation_time_ms": 0.011551001080079004,
        "cache_stats": {
          "current_items": 130,
          "max_items": 2000,
          "current_memory_mb": 0.17646121978759766,
          "max_memory_mb": 128.0,
          "memory_utilization": 0.0013786032795906067,
          "item_utilization": 0.065,
          "hit_rate": 0.6571428571428571,
          "miss_rate": 0.34285714285714286,
          "total_requests": 70,
          "cache_hits": 46,
          "cache_misses": 24,
          "total_puts": 130,
          "evictions": 0,
          "expired_entries": 0,
          "manual_removals": 0,
          "last_get_time_ms": 0.0010439998732181266,
          "last_put_time_ms": 0.003770999683183618,
          "uptime_seconds": 0.001234292984008789,
          "default_ttl_seconds": 600,
          "cleanup_interval_seconds": 300,
          "memory_pressure": false,
          "emergency_mode": false
        },
        "performance_passed": false
      },
      "large_cache": {
        "cache_name": "large_cache",
        "hit_rate": 0.6571428571428571,
        "hit_count": 46,
        "miss_count": 24,
        "total_operations": 100,
        "avg_operation_time_ms": 0.0032362899946747348,
        "max_operation_time_ms": 0.006535001375596039,
        "cache_stats": {
          "current_items": 130,
          "max_items": 5000,
          "current_memory_mb": 0.17646121978759766,
          "max_memory_mb": 256.0,
          "memory_utilization": 0.0006893016397953033,
          "item_utilization": 0.026,
          "hit_rate": 0.6571428571428571,
          "miss_rate": 0.34285714285714286,
          "total_requests": 70,
          "cache_hits": 46,
          "cache_misses": 24,
          "total_puts": 130,
          "evictions": 0,
          "expired_entries": 0,
          "manual_removals": 0,
          "last_get_time_ms": 0.0011450010788394138,
          "last_put_time_ms": 0.004126999556319788,
          "uptime_seconds": 0.0012240409851074219,
          "default_ttl_seconds": 1200,
          "cleanup_interval_seconds": 300,
          "memory_pressure": false,
          "emergency_mode": false
        },
        "performance_passed": false
      },
      "pool_performance": {
        "individual_caches": {
          "search_results": {
            "cache_name": "search_results",
            "hit_rate": 0.6571428571428571,
            "hit_count": 46,
            "miss_count": 24,
            "total_operations": 100,
            "avg_operation_time_ms": 0.003420269895286765,
            "max_operation_time_ms": 0.007222000931506045,
            "cache_stats": {
              "current_items": 130,
              "max_items": 2000,
              "current_memory_mb": 0.17646121978759766,
              "max_memory_mb": 128.0,
              "memory_utilization": 0.0013786032795906067,
              "item_utilization": 0.065,
              "hit_rate": 0.6571428571428571,
              "miss_rate": 0.34285714285714286,
              "total_requests": 70,
              "cache_hits": 46,
              "cache_misses": 24,
              "total_puts": 130,
              "evictions": 0,
              "expired_entries": 0,
              "manual_removals": 0,
              "last_get_time_ms": 0.001172000338556245,
              "last_put_time_ms": 0.0041980001697083935,
              "uptime_seconds": 0.0018095970153808594,
              "default_ttl_seconds": 3600,
              "cleanup_interval_seconds": 300,
              "memory_pressure": false,
              "emergency_mode": false
            },
            "performance_passed": false
          },
          "embeddings": {
            "cache_name": "embeddings",
            "hit_rate": 0.6571428571428571,
            "hit_count": 46,
            "miss_count": 24,
            "total_operations": 100,
            "avg_operation_time_ms": 0.003008889852935681,
            "max_operation_time_ms": 0.006680000296910293,
            "cache_stats": {
              "current_items": 130,
              "max_items": 1000,
              "current_memory_mb": 0.17646121978759766,
              "max_memory_mb": 64.0,
              "memory_utilization": 0.0027572065591812134,
              "item_utilization": 0.13,
              "hit_rate": 0.6571428571428571,
              "miss_rate": 0.34285714285714286,
              "total_requests": 70,
              "cache_hits": 46,
              "cache_misses": 24,
              "total_puts": 130,
              "evictions": 0,
              "expired_entries": 0,
              "manual_removals": 0,
              "last_get_time_ms": 0.001034000888466835,
              "last_put_time_ms": 0.0035849989217240363,
              "uptime_seconds": 0.00225067138671875,
              "default_ttl_seconds": 3600,
              "cleanup_interval_seconds": 300,
              "memory_pressure": false,
              "emergency_mode": false
            },
            "performance_passed": false
          },
          "classifications": {
            "cache_name": "classifications",
            "hit_rate": 0.6571428571428571,
            "hit_count": 46,
            "miss_count": 24,
            "total_operations": 100,
            "avg_operation_time_ms": 0.0038411600326071493,
            "max_operation_time_ms": 0.015282999811461195,
            "cache_stats": {
              "current_items": 130,
              "max_items": 500,
              "current_memory_mb": 0.17646121978759766,
              "max_memory_mb": 32.0,
              "memory_utilization": 0.005514413118362427,
              "item_utilization": 0.26,
              "hit_rate": 0.6571428571428571,
              "miss_rate": 0.34285714285714286,
              "total_requests": 70,
              "cache_hits": 46,
              "cache_misses": 24,
              "total_puts": 130,
              "evictions": 0,
              "expired_entries": 0,
              "manual_removals": 0,
              "last_get_time_ms": 0.0010109997674589977,
              "last_put_time_ms": 0.005347001206246205,
              "uptime_seconds": 0.0027892589569091797,
              "default_ttl_seconds": 3600,
              "cleanup_interval_seconds": 300,
              "memory_pressure": false,
              "emergency_mode": false
            },
            "performance_passed": false
          }
        },
        "pool_stats": {
          "search_results": {
            "current_items": 130,
            "max_items": 2000,